Entreprise;source;Nombre d'offres postés les 10 derniers jours;Contacté;Notes;website_url;activity_sector
Iscod;IndeedIndeed;25;Non;;https://www.iscod.fr/;Formation/Education
Chanel;IndeedLinkedInIndeed;16;Non;;https://www.chanel.com/fr/;Other
Louis Vuitton;IndeedIndeed;14;Non;;https://fr.louisvuitton.com/fra-fr/homepage;Other
Hermès;LinkedInLinkedIn;11;;;https://www.hermes.com/;Other
Galeries Lafayette;LinkedInIndeed;11;Oui;;https://www.galerieslafayette.com/;Other
Groupe Kering;IndeedIndeed;10;Non;;https://www.kering.com/fr/groupe/;Other
Printemps;LinkedInIndeedLinkedIn;8;Non;;https://www.printemps.com/fr/fr;Other
Hermes Sellier;IndeedIndeed;7;Non;;https://www.hermes.com/fr/fr/;Formation/Education
Studi Cfa;IndeedIndeed;7;;;https://cfa.studi.com/;Formation/Education
Charlestown (Hôtes & Hôtesses);LinkedIn;6;;;https://charlestown.fr/;Other
Christian Dior Couture;LinkedInLinkedIn;5;;;https://en.wikipedia.org/wiki/Dior;Other
Sephora;LinkedInIndeed;5;Non;;https://www.sephora.fr/;Other
Paris Society;LinkedInLinkedInIndeed;5;;;https://paris-society.com/;Other
Accor;LinkedInLinkedIn;5;;;https://all.accor.com/usa/index.en.shtml;Other
Agence France Prestige;LinkedInIndeed;5;Non;;https://franceprestige.net/;Other
Dassault Aviation;Indeed;4;;;https://www.dassault-aviation.com/en/;Other
E.Leclerc;LinkedInIndeed;4;Non;;https://www.e.leclerc/;Other
Rothschild & Co;LinkedInIndeed;4;Non;;https://www.rothschildandco.com/fr/;Other
Capgemini;LinkedInIndeed;4;Non;;https://www.capgemini.com/fr-fr/;Other
Totalenergies;LinkedInIndeed;4;Non;;https://www.totalenergies.fr/;Other
Île-De-France Mobilités;LinkedInLinkedIn;4;;;https://www.iledefrance-mobilites.fr/;Other
Ocde;IndeedIndeed;4;;;https://www.oecd.org/france/;Other
Mandarin Oriental Hotel Group;Indeed;4;;;https://www.mandarinoriental.com/en/;Other
Bausch + Lomb;Indeed;3;;;https://www.bausch.com/;Other
Suez;LinkedInIndeed;3;;;https://www.suez.com/en;Other
Le Groupe La Poste;IndeedIndeed;3;Non;;https://www.lapostegroupe.com/fr;Other
Guerlain;LinkedIn;3;;;https://www.guerlain.com/fr/fr-fr;Other
Maje Siège;Indeed;3;;;https://www.smcp.com/fr/maje-nous-invite-dans-son-nouveau-siege-parisien/;Other
Lcl;Indeed;3;;;https://www.lcl.fr/;Other
Chantelle;LinkedInLinkedIn;3;;;https://chantelle.com/fr;Other
Groupe Igs;Indeed;3;;;https://www.groupe-igs.fr/;Formation/Education
Groupe Igf;LinkedIn;3;Non;;https://www.groupeigf.com/;Formation/Education
Ginger;LinkedIn;3;;;https://en.wikipedia.org/wiki/Ginger;Formation/Education
France Télévisions;LinkedInIndeed;3;;;https://www.francetelevisions.fr/;Other
Ralph Lauren;LinkedInIndeed;3;;;https://www.ralphlauren.com/;Other
Elior Group;LinkedInLinkedIn;3;;;https://www.eliorgroup.com/;Other
The Estée Lauder Companies;Indeed;3;;;https://www.elcompanies.com/en;Other
Orpi;LinkedInLinkedIn;3;;;https://www.orpi.com/;Other
Krys Group;LinkedInIndeed;3;;;https://www.krys-group.com/;Other
Agroparistech;LinkedInLinkedIn;3;;;https://www.agroparistech.fr/;Formation/Education
Théma Services;Indeed;3;Non;;https://www.thema-services.fr/;Other
Tjx Europe;LinkedInIndeed;3;;;https://www.tjx.com/;Other
Digital Prisma Players;LinkedIn;2;;;https://fr.linkedin.com/company/digital-prisma-players;Other
Dalloyau;IndeedLinkedIn;2;;;https://www.dalloyau.fr/;Other
Maison Et Services;LinkedInLinkedIn;2;;;https://www.maison-et-services.com/;Other
Rituals Cosmetics;Indeed;2;Non;;https://www.rituals.com/fr-fr/home;Other
Hauts-De-Seine;Indeed;2;;;https://www.hauts-de-seine.fr/;Other
Crédit Agricole S.A.;IndeedIndeed;2;;;https://www.credit-agricole.com/;Other
Groupe Tf1;LinkedInLinkedIn;2;;;https://groupe-tf1.fr/;Other
Groupe Sos Solidarités;LinkedInIndeed;2;;;https://www.groupe-sos.org/groupe-sos-solidarites/;Other
Radio France;Indeed;2;;;https://www.radiofrance.fr/;Other
Groupe Sii;LinkedIn;2;;;https://sii-group.com/fr-FR;Other
Hilton;LinkedInLinkedIn;2;;;https://www.hilton.com/en/;Other
Homa;LinkedIn;2;;;https://www.homagames.com/;Other
Eiffage;Indeed;2;Non;;https://www.eiffage.com/;Other
Innocent France;Indeed;2;Non;;https://www.innocent.fr/bienvenue;Other
1001 Vies Habitat;LinkedInIndeed;2;Non;;https://www.1001vieshabitat.fr/;Other
Ingéniance;Indeed;2;;;https://www.ingeniance.fr/;Other
Confidentiel;LinkedIn;2;;;https://www.dictionnaire-juridique.com/definition/confidentiel.php#:~:text=D%C3%A9finition%20de%20Confidentiel&text=%22Confidentiel%22%20est%20l'adjectif,personne%20qui%20d%C3%A9tient%20la%20confidence.;Other
Corwave;LinkedIn;2;;;https://www.corwave.com/;Other
Accueil;LinkedInLinkedIn;2;;;https://www.larousse.fr/dictionnaires/francais/accueil/569;Other
Lululemon;LinkedInIndeed;2;Non;;https://www.lululemon.fr/fr-fr/home;Other
Lycée Professionnel Jean Pierre Timbaud;Indeed;2;;;https://www.lyc-timbaud-bretigny.fr/;Formation/Education
L’Occitane Group;LinkedIn;2;;;https://group.loccitane.com/;Other
Altitude Infra;LinkedIn;2;;;https://www.altitudeinfra.fr/;Other
Edf;Indeed;2;Non;;https://www.edf.fr/;Other
Pullman;Indeed;2;Non;;https://pullman.accor.com/fr/france/index.shtml;Other
Inserm;Indeed;2;Non;;https://www.inserm.fr/;Other
My Connectt;Indeed;2;;;https://myconnect.fr/;Other
Arcom;Indeed;2;;;https://www.arcom.fr/;Other
Eurobio Scientific;LinkedIn;2;;;https://www.eurobio-scientific.com/;Other
Par Excellence;Indeed;2;;;https://fr.wiktionary.org/wiki/par_excellence;Other
Giorgio Armani;LinkedIn;2;;;https://www.armani.com/;Other
Ville De Paris;Indeed;2;;;https://www.paris.fr/;Other
One Clinic;Indeed;2;Non;;https://oneclinic.fr/;Other
Veolia Environnement Sa;Indeed;2;;;https://www.veolia.com/fr;Other
Novo Nordisk;LinkedIn;2;;;https://www.novonordisk.com/;Other
Nolinski Paris;LinkedIn;2;;;https://nolinskiparis.com/en/;Other
Parfums Christian Dior;LinkedIn;2;;;https://www.dior.com/fr_fr/beauty/fragrance/women-fragrance-home.html;Other
Groupe Aurlom Éducation;LinkedIn;2;;;https://www.aurlom.com/;Formation/Education
Adidas;LinkedIn;2;;;https://www.adidas.fr/;Other
Groupe Nuxe;LinkedInLinkedIn;2;;;https://fr.nuxe.com/;Other
Aldi France;LinkedIn;2;;;https://www.aldi.fr/;Other
Groupe Intuis;LinkedIn;2;;;https://groupe.intuis.fr/;Other
Engie Solutions France;LinkedIn;2;;;https://www.engie-solutions.com/fr;Other
Vinci Construction;IndeedIndeed;2;;;https://vinci-construction.com/en/;Other
Phone Régie;LinkedIn;2;;;https://www.phone-regie.com/;Other
Entreprise Anonyme;Indeed;2;;;https://entreprendre.service-public.fr/vosdroits/F37402#:~:text=La%20soci%C3%A9t%C3%A9%20anonyme%20est%20une,financer%20des%20projets%20d'envergure.;Other
Eowin;LinkedIn;2;;;https://eowin.com/;Other
Epitech;IndeedIndeed;2;;;https://www.epitech.eu/;Formation/Education
Groupe Cyrus;LinkedInIndeed;2;;;https://www.cyrusconseil.fr/groupe-cyrus/;Other
Groupe Coriance;LinkedIn;2;;;https://groupe-coriance.fr/;Other
Picard;Indeed;2;;;https://www.picard.fr/;Other
Ses-Imagotag Sa;Indeed;2;;;https://en.wikipedia.org/wiki/SES-imagotag;Other
Unilabs France;LinkedIn;2;;;https://unilabs.fr/;Other
Société Générale;IndeedLinkedIn;2;Non;;https://particuliers.sg.fr/;Other
Jacquemus;LinkedIn;2;;;https://www.jacquemus.com/en_fr;Other
Bwt France;Indeed;2;;;https://www.bwt.com/fr-fr/;Other
Laita;IndeedIndeed;2;;;https://www.laita.com/;Other
Bred;LinkedIn;2;;;https://www.bred.fr/;Other
Bolloré Group;IndeedIndeed;2;;;https://www.bollore.com/fr/;Other
Lactalis International;LinkedIn;2;;;https://www.lactalis-international.com/;Other
Bene Bono;Indeed;2;Non;;https://benebono.fr/;Other
1Pacteo;Indeed;2;;;https://1pacteo.fr/;Other
Sézane;LinkedInLinkedIn;2;;;https://www.sezane.com/fr;Other
Balt Group;LinkedIn;2;;;https://baltgroup.com/;Other
Atexis;Indeed;2;;;https://www.atexis.com/;Other
Teract;LinkedInIndeed;2;;;https://www.teract.com/en/teract-home/;Other
Armand Thiery;Indeed;2;Non;;https://www.armandthiery.fr/;Other
Smac - Enveloppe Du Bâtiment / Etanchéité;LinkedIn;2;;;https://www.smac-sa.com/;Other
Lagardère Travel Retail;LinkedInLinkedIn;2;;;https://www.lagardere-tr.fr/fr/;Other
Institut Pasteur;LinkedIn;2;;;https://www.pasteur.fr/fr;Other
Celine;LinkedIn;2;;;https://www.celine.com/fr-fr/home;Other
Siplec;Indeed;2;Non;;https://www.siplec.leclerc/;Other
Interparfums;LinkedInLinkedIn;2;;;https://www.interparfums.fr/;Other
Institut Curie;IndeedIndeed;2;;;http://curie.fr/;Other
Leaseo;LinkedInIndeed;2;;;https://www.leaseo.fr/;Other
Uimm;LinkedIn;2;;;https://uimm.lafabriquedelavenir.fr/;Formation/Education
Lefebvre Sarrut;Indeed;1;Non;;https://www.lefebvre-sarrut.eu/;Formation/Education
Les Trattorias Parisiennes Branchees;Indeed;1;;;https://jobs.extracadabra.com/etablissement/--les-trattorias-branchees-parisiennes---16359788791052100;Other
Mondelēz International;Indeed;1;;;https://www.mondelezinternational.com/;Other
Lunii;LinkedIn;1;;;https://lunii.com/fr-fr/;Other
Les Petites Canailles - Crèches Et Ecoles Bilingues;LinkedIn;1;;;https://ecoles.lespetitescanailles.fr/;Formation/Education
Mondial Pare-Brise;Indeed;1;;;https://www.mondialparebrise.fr/;Other
La Fonderie Ressources;Indeed;1;;;https://lafonderie-ressources.fr/;Other
La Croissanterie;Indeed;1;;;https://www.lacroissanterie.fr/;Other
Les Parqueteurs De France;LinkedIn;1;;;https://www.pagesjaunes.fr/pros/09218671;Other
Monceau Fleurs;LinkedIn;1;;;https://www.monceaufleurs.com/;Other
La Française;Indeed;1;Non;;https://www.la-francaise.com/fr/;Other
Monop';Indeed;1;;;https://www.monoprix.fr/;Other
Mnh;Indeed;1;;;https://www.mnh.fr/;Other
Vinci Autoroutes;Indeed;1;Non;;https://www.vinci-autoroutes.com/fr/;Other
Levi'S;Indeed;1;;;https://www.levi.com/FR/fr_FR/;Other
Yeelder;Indeed;1;;;https://fr.indeed.com/cmp/Yeelders/salaries;Other
La Halle (Siège);Indeed;1;;;https://www.lahalle.com/page-designer-page-designer-cgv-ml-mentionslegales.html#:~:text=Le%20site%20www.lahalle.com,02.99.19.98.98).;Other
La Piscine Paris;Indeed;1;;;https://www.lapiscine-paris.fr/;Other
Ministère De L'Agriculture Et De La Souveraineté Alimentaire;LinkedIn;1;;;https://agriculture.gouv.fr/;Other
La Poste;LinkedIn;1;;;https://www.laposte.fr/;Other
Vinci Concessions;Indeed;1;;;https://www.vinci-concessions.com/en/;Other
Monnaie De Paris;LinkedIn;1;;;https://www.monnaiedeparis.fr/fr;Other
Monoprix;LinkedIn;1;;;https://www.monoprix.fr/;Other
Naarea;LinkedIn;1;;;https://www.naarea.fr/fr;Other
Nibelis;LinkedIn;1;;;https://nibelis.com/;Other
L'Occitane;Indeed;1;;;https://fr.loccitane.com/;Other
Nexity;Indeed;1;;;https://www.nexity.fr/;Other
Nestlé Nespresso Sa;LinkedIn;1;;;https://nestle-nespresso.com/;Other
Neosilver;LinkedIn;1;;;https://neosilver.fr/;Other
Ville De Champigny Sur Marne;LinkedIn;1;;;https://www.champignysurmarne.fr/;Other
L'Oréal;LinkedIn;1;;;https://www.loreal-paris.fr/;Other
Nava Engineering;Indeed;1;;;https://fr.linkedin.com/company/nava-engineering;Other
Ville De Meudon;LinkedIn;1;;;https://www.meudon.fr/;Other
Morgan (Siège);Indeed;1;;;https://www.morgandetoi.fr/mentions-legales;Other
N.A.;Indeed;1;;;https://en.wikipedia.org/wiki/Na;Other
Métropole Du Grand Paris;LinkedIn;1;Non;;https://metropolegrandparis.fr/fr;Other
L'École Française;Indeed;1;;;https://lecolefrancaise.fr/;Formation/Education
L'École Supérieure De La Banque;LinkedIn;1;;;https://www.esbanque.fr/;Formation/Education
Mw Services;Indeed;1;;;https://annuaire-entreprises.data.gouv.fr/entreprise/mw-services-801838988;Other
Les Bienveillants By Oui Care;LinkedIn;1;;;https://ouicare.com/marques/les_bienveillants/;Other
Mutuelle Des Architectes Français Assurances;Indeed;1;;;https://www.maf.fr/;Other
La Banque Postale Consumer Finance;Indeed;1;;;https://www.labanquepostale.fr/particulier/emprunter/financement-de-projets.html;Other
Mutualité Sociale Agricole Ile De France;Indeed;1;;;https://iledefrance.msa.fr/;Other
Movus Logistics;LinkedIn;1;;;https://www.movuslogistics.com/;Other
Withings;Indeed;1;;;https://www.withings.com/;Other
Vinci Energies;Indeed;1;Non;;https://www.vinci-energies.com/;Other
La Redoute;LinkedIn;1;;;https://www.laredoute.fr/;Other
La Vie Claire Sa;LinkedIn;1;;;https://www.lavieclaire.com/;Other
Lazard;Indeed;1;Non;;https://www.lazard.com/;Other
Vovoxx;LinkedIn;1;;;https://fr.linkedin.com/company/vovoxx;Other
Lovisa Pty Ltd France;LinkedIn;1;;;https://www.lovisajewellery.eu/;Other
Voyageurs Du Monde;LinkedIn;1;;;https://www.voyageursdumonde.fr/voyage-sur-mesure;Other
Waffle Factory;Indeed;1;;;https://www.wafflefactory.com/en/;Other
Mama Kana;LinkedIn;1;;;https://mamakana.com/;Other
Lazeo;Indeed;1;;;https://www.lazeo.com/en/;Other
Malongo;Indeed;1;Non;;https://www.malongo.com/;Other
Make Up For Ever;LinkedIn;1;;;https://www.makeupforever.com/;Other
Wally;LinkedIn;1;;;https://www.wally.com/en-us/;Other
Leaders League;LinkedIn;1;;;https://www.leadersleague.com/;Other
Zoll Medical Corporation;LinkedIn;1;;;https://www.zoll.com/;Other
Wavestone;Indeed;1;;;https://www.wavestone.com/en/;Other
Mairie De Saint Maur;Indeed;1;;;https://www.saint-maur.com/;Other
Mairie De Drancy;LinkedIn;1;Non;;https://www.drancy.fr/-1.html;Other
Mairie De Clichy;Indeed;1;;;https://www.ville-clichy.fr/;Other
Mairie;LinkedIn;1;;;https://www.paris.fr/;Other
Le Fouquet'S;LinkedIn;1;;;https://www.hotelsbarriere.com/fr/collection-fouquets/paris/restaurants-et-bars/fouquets.html;Other
Ville De Bois-Colombes;LinkedIn;1;;;https://www.bois-colombes.fr/;Other
Zeiss Group;Indeed;1;Non;;https://www.zeiss.fr/corporate/home.html;Other
Lynk House;Indeed;1;;;https://www.lynk-house.com/;Other
Wethenew;LinkedIn;1;;;https://wethenew.com/en;Other
Laura Todd;LinkedIn;1;;;https://lauratodd.com/;Other
Marco Vasco;LinkedIn;1;;;https://www.marcovasco.fr/;Other
Mh Service De Nettoyage;LinkedIn;1;;;https://service-de-nettoyage.fr/;Other
Laboratoire Cerba;Indeed;1;;;https://www.lab-cerba.com/home;Other
Laboratoire Native;LinkedIn;1;;;https://www.impala-sas.com/participation/laboratoire-native/;Other
Laboratoires Juva Santé;Indeed;1;;;https://www.juva.com/;Other
Lacoste;LinkedIn;1;;;https://www.lacoste.com/;Other
Micron;Indeed;1;;;https://www.micron.com/;Other
Épicène;LinkedIn;1;Non;;https://fr.wiktionary.org/wiki/%C3%A9pic%C3%A8ne;Other
Longchamp;LinkedIn;1;;;https://www.longchamp.com/;Other
Lagardere;Indeed;1;Non;;https://www.lagardere.com/;Other
Mgen;Indeed;1;;;https://www.mgen.fr/;Other
Marionnaud;LinkedIn;1;;;https://www.marionnaud.fr/;Other
Losange Autos;Indeed;1;;;https://www.losangeautos.fr/;Other
Metro/Makro;Indeed;1;;;https://www.metro.fr/;Other
Louis Dreyfus Armateurs (Lda);LinkedIn;1;;;https://www.lda.fr/;Other
Legrand Support;Indeed;1;Non;;https://www.legrand.fr/nous-contacter;Other
Latham & Watkins;LinkedIn;1;;;https://www.lw.com/;Other
Latham & Watkins Llp;Indeed;1;Non;;https://www.lw.com/;Other
Mercury Engineering;Indeed;1;;;https://www.mercuryeng.com/;Other
Mercedes-Benz Paris;Indeed;1;;;https://www.paris.mercedes-benz.fr/;Other
Mcdonald'S France;Indeed;1;Non;;https://www.mcdonalds.fr/;Other
Mccormick & Company;LinkedIn;1;;;https://www.mccormickcorporation.com/;Other
M6;Indeed;1;;;https://www.6play.fr/6play;Other
Thinkproject Holding Gmbh;Indeed;1;Non;;https://thinkproject.com/fr/;Other
Nike;Indeed;1;;;https://www.nike.com/;Other
Selexium Patrimoine Finance Conseil;Indeed;1;;;https://www.selexium.com/;Other
Université Paris Est Créteil (Upec);Indeed;1;;;https://www.u-pec.fr/;Formation/Education
Seqens;Indeed;1;Non;;https://www.seqens.fr/;Other
Serenest By Vermaat;LinkedIn;1;;;https://serenest.fr/;Other
Seres Technologies;Indeed;1;;;https://www.seres-technologies.com/en/;Other
Seris;Indeed;1;;;https://seris.fr/;Other
Servair;LinkedIn;1;;;https://www.servair.fr/;Other
Univers Poche;Indeed;1;;;https://fr.wikipedia.org/wiki/Univers_Poche;Other
Sfr;Indeed;1;;;https://www.sfr.fr/;Other
Sgs & Co;LinkedIn;1;;;https://www.sgsco.com/;Other
Uimm Bezons;LinkedIn;1;;;https://uimm.lafabriquedelavenir.fr/;Formation/Education
Sisley Paris;LinkedIn;1;;;https://www.sisley-paris.com/;Other
Siège De L'Ap-Hp;LinkedIn;1;;;https://www.facebook.com/assistancepubliquehopitauxdeparis/posts/d%C3%A9m%C3%A9nagement-le-si%C3%A8ge-de-lap-hp-d%C3%A9m%C3%A9nage-a-compter-du-mardi-13-septembre-2022-le/5872110069490303/#:~:text=L'adresse%20postale%20du%20si%C3%A8ge,CS%2022305;Other
Seine-Saint-Denis;Indeed;1;Non;;https://seinesaintdenis.fr/;Other
Sedgwick;Indeed;1;;;https://www.sedgwick.com/;Other
Schindler France;LinkedIn;1;;;https://www.schindler.fr/fr.html;Other
Réseau Ges & Eductive;Indeed;1;;;https://www.eductive.fr/;Formation/Education
Sabre Paris;Indeed;1;;;https://sabre-paris.com/;Other
Sacd;LinkedIn;1;;;https://sacd.fr/fr;Other
Safran;Indeed;1;Non;;https://www.safran-group.com/fr;Other
Saint-Jean De Passy;Indeed;1;;;https://www.saintjeandepassy.fr/;Formation/Education
Sandro;LinkedIn;1;;;https://fr.sandro-paris.com/;Other
Sas Althea;Indeed;1;;;https://www.althea-groupe.com/;Other
Save;Indeed;1;;;https://save.co/;Other
Scalian;Indeed;1;;;https://www.scalian.com/en/;Other
Scamark - Mouvement E.Leclerc;LinkedIn;1;;;https://fr.linkedin.com/company/scamark;Other
Scfi;Indeed;1;Non;;https://www.scfi.fr/;Other
Ugc;Indeed;1;;;https://www.ugc.fr/;Other
Skysun;LinkedIn;1;;;https://www.skysun.eu/en/;Other
Sushi Shop;Indeed;1;;;https://www.mysushishop.co.uk/;Other
Swiss Life;Indeed;1;Non;;https://www.swisslife.fr/home.html;Other
Tmh Avocats;LinkedIn;1;;;https://tmhavocats.com/;Other
Sécuritas Aviation;Indeed;1;Non;;https://www.securitas.fr/contact/nos-agences/agences-securitas-aviation/;Other
Tcr;LinkedIn;1;;;https://www.tcr-series.com/;Other
Thomas Export;Indeed;1;;;https://www.thomas-export.com/?lang=en;Other
Thom;LinkedIn;1;;;https://www.thomgroup.com/;Other
The Estée Lauder Companies Inc.;LinkedIn;1;;;https://www.elcompanies.com/en;Other
The North Face;Indeed;1;Non;;https://www.thenorthface.fr/;Other
The Walt Disney Company;LinkedIn;1;;;https://thewaltdisneycompany.com/;Other
Theassistant;Indeed;1;;;https://en.theassistant.com/;Other
Sncf;Indeed;1;;;https://www.sncf.com/fr;Other
Substances Actives;Indeed;1;;;https://www.substancesactives.com/en/;Other
Sncf Réseau;Indeed;1;Non;;https://www.sncf-reseau.com/fr;Other
Sodexo;Indeed;1;Non;;https://www.sodexo.fr/;Other
Sofrat;LinkedIn;1;;;https://www.sofrat.net/;Other
Sofreco;Indeed;1;;;http://www.sofreco.com/FR/Accueil_S.awp;Other
Sonepar France;Indeed;1;;;https://www.sonepar.fr/fr-fr;Other
Sopodex;Indeed;1;;;https://www.pagesjaunes.fr/pros/05215374;Other
Sopra Steria Next;Indeed;1;;;https://www.soprasteria.fr/services/conseil;Other
Sorbonne Université;LinkedIn;1;;;https://www.sorbonne-universite.fr/;Formation/Education
Sorrel;Indeed;1;;;https://en.wikipedia.org/wiki/Sorrel;Other
Sport Heroes Group;Indeed;1;;;https://www.sportheroes.com/;Other
Sqorus;Indeed;1;;;https://www.sqorus.com/en/;Other
Starlims;Indeed;1;;;https://www.starlims.com/;Other
Station F;LinkedIn;1;;;https://stationf.co/;Other
Studia;LinkedIn;1;;;https://www.studia.fr/;Other
Stych;LinkedIn;1;;;https://www.stych.fr/;Formation/Education
Trax;Indeed;1;;;https://traxretail.com/;Other
Rubel & Ménasché;Indeed;1;;;https://www.rubel-menasche.com/;Other
Université Psl;LinkedIn;1;;;https://psl.eu/en;Formation/Education
Rose Bakery;Indeed;1;;;https://www.rosebakery.fr/;Other
Via Nova;LinkedIn;1;;;https://www.vianova.io/;Other
Ouidou;Indeed;1;;;https://ouidou.fr/;Other
Verisure;Indeed;1;;;https://www.verisure.fr/;Other
Paint Everest;Indeed;1;;;https://peintureseverest.fr/en;Other
Paradox Museum Paris;LinkedIn;1;Non;;https://www.paradoxmuseumparis.com/;Other
Parcours Insertion Fles Paris;LinkedIn;1;;;https://www.flesdeparis.fr/;Formation/Education
Valeo;LinkedIn;1;;;https://www.valeo.com/en/;Other
Paybyphone;LinkedIn;1;;;https://www.paybyphone.fr/;Other
Perles Office;Indeed;1;;;https://www.perles-office.com/;Other
Pictet;Indeed;1;;;https://www.pictet.com/us/en;Other
Pictet Group;LinkedIn;1;;;https://www.pictet.com/us/en;Other
Pierre Hermé Paris;Indeed;1;Non;;https://www.pierreherme.com/;Other
Plisson Immobilier;LinkedIn;1;;;https://www.plisson-immobilier.com/;Other
Pno Consultants;Indeed;1;;;https://www.pnoconsultants.com/;Other
Orpi Le Bourget;LinkedIn;1;;;https://www.orpi.com/orpilebourget/;Other
Orano;Indeed;1;;;https://www.orano.group/en;Other
Pop Mart;LinkedIn;1;;;https://www.popmart.com/;Other
Videal Services;Indeed;1;;;https://www.videalservices.net/;Other
Nouveau Monde Editions;LinkedIn;1;;;https://www.nouveau-monde.net/;Other
Néosoft;LinkedIn;1;;;https://www.neosoft.fr/;Other
O2 Care Services;Indeed;1;;;https://www.o2.fr/;Other
Ville D'Argenteuil;LinkedIn;1;Non;;https://www.argenteuil.fr/fr;Other
Obrigado Rodizio;Indeed;1;;;https://obrigadorodizio.com/;Other
Ville D'Antony;LinkedIn;1;;;https://www.ville-antony.fr/;Other
Ocf Automobiles;Indeed;1;;;https://www.hyundai.com/fr/fr/distributeurs.html/l/villeneuve-saint-georges/188-rue-de-paris/c06ab00454;Other
Odalys Groupe;LinkedIn;1;Non;;https://www.odalys-groupe.com/;Other
Ogf;Indeed;1;Non;;https://www.ogf.fr/;Other
On Location;Indeed;1;;;https://onlocationexp.com/;Other
Onepoint;LinkedIn;1;Non;;https://www.groupeonepoint.com/fr/;Other
Onet Accueil;LinkedIn;1;;;https://www.onet.fr/accueil/;Other
Video Plus;Indeed;1;;;https://www.videoplusfrance.com/fr/;Other
Opera National De Paris;LinkedIn;1;;;https://www.operadeparis.fr/;Other
Pok;Indeed;1;Non;;https://www.pok.fr/fr/accueil/;Other
Positiv Paris;LinkedIn;1;;;https://bpifrance-creation.fr/organisme/positiv-paris-18/paris;Other
Rosa Paris;Indeed;1;Non;;https://rosaparis.com/;Other
Realease Capital;LinkedIn;1;Non;;https://www.realease-capital.fr/;Other
Regus;Indeed;1;;;https://www.regus.com/en-gb;Other
Relais & Châteaux;Indeed;1;;;https://www.relaischateaux.com/fr/;Other
Relais D'Or;Indeed;1;;;https://www.relaisdor.fr/;Other
Reply;LinkedIn;1;;;https://www.reply.com/en;Other
Reseau Ges;Indeed;1;;;https://www.ppa.fr/reseau-grandes-ecoles-specialisees.html;Formation/Education
Revolt;Indeed;1;;;https://revolt.chat/;Other
Rituals;Indeed;1;;;https://www.rituals.com/;Other
Ritz Paris;LinkedIn;1;;;https://www.ritzparis.com/;Other
Riversen;LinkedIn;1;;;https://www.riversen.fr/;Other
Roche;LinkedIn;1;;;https://www.roche.com/;Other
Roche Farma España;LinkedIn;1;;;https://www.roche.es/;Other
Rdm Vidéo;Indeed;1;;;https://www.rdm-video.fr/;Other
V & V Associes;LinkedIn;1;;;https://www.cnajmj.fr/etude/selarl-vv-associes-reajir/;Other
Pro Btp Groupe;Indeed;1;;;https://groupe.probtp.com/accueil.html;Other
Protection Civile Paris Seine;LinkedIn;1;;;https://www.protectioncivile.org/;Formation/Education
Prévoir;LinkedIn;1;;;https://www.prevoir.com/;Other
Puig Deutschland Gmbh;Indeed;1;;;https://www.puig.com/en;Other
L'Apes;LinkedIn;1;;;https://www.apes-dsu.fr/;Other
Q Energy France;LinkedIn;1;;;https://qenergy.eu/france/fr/;Other
Qualisocial;Indeed;1;;;https://www.qualisocial.com/;Other
Quantic Dream;Indeed;1;;;https://www.quanticdream.com/en;Other
Unox S.P.A.;LinkedIn;1;;;https://www.unox.com/fr_fr/;Other
Ratp Cap Île-De-France;LinkedIn;1;;;https://ratpgroup.com/fr/filiales/ratp-cap-idf/;Other
(Re)Set;Indeed;1;;;https://reset.earth/;Other
Cerbair;Indeed;1;;;https://www.cerbair.com/;Other
Cgr Cinemas;Indeed;1;;;https://www.cgrcinemas.fr/;Other
Chambres D'Agriculture France;Indeed;1;;;https://chambres-agriculture.fr/;Other
Charlestown;Indeed;1;Non;;https://charlestown.fr/;Other
Chloé;LinkedIn;1;;;https://www.chloe.com/fr;Other
Circles;Indeed;1;;;https://wearecircles.com/;Other
Cité De La Musique - Philharmonie De Paris;Indeed;1;;;https://philharmoniedeparis.fr/fr;Other
Claire'S;Indeed;1;;;https://www.claires.com/;Other
Cegos;Indeed;1;;;https://www.cegos.fr/;Formation/Education
Clarins;Indeed;1;;;https://www.clarins.fr/;Other
Classeos;LinkedIn;1;;;https://www.classeos.com/;Formation/Education
Clubfunding Group;LinkedIn;1;;;https://www.clubfunding.fr/;Other
Cnav;Indeed;1;;;https://www.lassuranceretraite.fr/portail-info/home.html;Other
Cnil;Indeed;1;;;https://cnil.fr/;Other
Coca-Cola Europacific Partners;LinkedIn;1;;;https://www.cocacolaep.com/;Other
Cojrl Avocat-Conseil Selarl;Indeed;1;;;https://www.cojrl.fr/;Other
Cea;Indeed;1;Non;;https://www.cea.fr/;Other
Colibri;Indeed;1;;;https://portail.colibris.education.gouv.fr/;Other
Café Oz;Indeed;1;;;https://cafe-oz.com/;Other
Bouygues Travaux Publics;Indeed;1;;;https://www.bouygues-tp.com/;Other
Bred Banque Populaire;Indeed;1;;;https://www.bred.fr/;Other
Buffalo Grill;Indeed;1;;;https://www.buffalo-grill.fr/;Other
Bureau Veritas;Indeed;1;;;https://www.bureauveritas.fr/;Other
Cabinet Jourdan;Indeed;1;;;https://www.cabinetjourdan.com/;Other
Caderas Martin;Indeed;1;;;https://www.caderas-martin.com/en/;Other
Caisse Des Dépôts Et Consignations;Indeed;1;Non;;https://www.caissedesdepots.fr/;Other
Cdc Habitat;LinkedIn;1;;;https://www.cdc-habitat.fr/;Other
Cap Ingelec;LinkedIn;1;;;https://www.capingelec.com/;Other
Caroline Andréoni - Design D'Intérieur;LinkedIn;1;;;https://www.carolineandreoni.com/;Other
Caroll (Siège);Indeed;1;;;https://annuaire-entreprises.data.gouv.fr/entreprise/caroll-international-caroll-caroll-paris-ann-582001707#:~:text=CAROLL%20INTERNATIONAL%20(CAROLL%20%2D%20CAROLL%20PARIS%20%2D%20ANN...),-Unit%C3%A9%20l%C3%A9gale%20%E2%80%A3&text=En%202021%2C%20elle%20%C3%A9tait%20cat%C3%A9goris%C3%A9e,Elle%20poss%C3%A8de%20343%20%C3%A9tablissements.;Other
Cartier Et Compagnie;Indeed;1;;;https://www.sne.fr/sne_adherents/cartier-et-compagnie/;Other
Casden - Banque Populaire;Indeed;1;;;https://www.casden.fr/;Other
Castorama;Indeed;1;;;https://www.castorama.fr/;Other
Colgate-Palmolive;Indeed;1;;;https://www.colgatepalmolive.com/en-us;Other
College Alain Fournier;LinkedIn;1;;;https://pia.ac-paris.fr/serail/jcms/s1_1590006/fr/accueil;Formation/Education
Didaxis - Portage Salarial;LinkedIn;1;;;https://www.didaxis.fr/;Other
Daniel Feau;Indeed;1;;;https://danielfeau.com/fr/;Other
Data Recrutement;Indeed;1;;;;Other
Davines Italia Spa;Indeed;1;;;https://it.davines.com/;Other
Deessi;Indeed;1;;;https://www.deessi.si/;Other
Dekra France;LinkedIn;1;;;https://www.dekra.fr/;Other
Delacommune Et Dumont Sccc;Indeed;1;Non;;https://delacommune-dumont.com/sccc/;Other
Demeco Group;LinkedIn;1;;;https://www.demeco.fr/;Other
Descartes Underwriting;Indeed;1;;;https://descartesunderwriting.com/;Other
Dfm;Indeed;1;Non;;https://dfm.fr/;Other
Direction Des Services Administratifs Et Financiers Du Premier Ministre;LinkedIn;1;;;https://www.gouvernement.fr/direction-des-services-administratifs-et-financiers-dsaf;Other
Dalkia;Indeed;1;Non;;https://www.dalkia.fr/;Other
Domea Sas;LinkedIn;1;;;https://domea.fr/en/home-en/;Other
Drfip Paris;Indeed;1;Non;;https://lannuaire.service-public.fr/navigation/ile-de-france/paris/dr_fip;Other
Dsd Organisation;LinkedIn;1;;;https://www.dsdorganisation.com/;Other
E.I.P.D.C.E;LinkedIn;1;;;https://www.carrieres-juridiques.com/organisme-de-formations/eipdce-ecole-internationale-privee-de-droit-compare-et-d-economie/524;Formation/Education
E.Leclerc Ivry-Sur-Seine;LinkedIn;1;;;https://www.e.leclerc/mag/e-leclerc-vitry-sur-seine;Other
Collège De Paris;LinkedIn;1;;;https://www.collegedeparis.fr/;Formation/Education
Cpam 92;Indeed;1;;;https://www.ameli.fr/hauts-de-seine/assure/adresses-et-contacts;Other
Combo;LinkedIn;1;;;https://combohr.com/;Other
Conseil Nal De L'Ordre Des Infirmiers;LinkedIn;1;;;https://www.ordre-infirmiers.fr/;Other
Coriance;Indeed;1;;;https://groupe-coriance.fr/;Other
Cour D'Appel De Paris;LinkedIn;1;;;https://www.cours-appel.justice.fr/paris;Other
Courir;LinkedIn;1;;;https://www.courir.com/;Other
Cours Des Petits Champs;LinkedIn;1;;;https://www.petitschamps.fr/;Formation/Education
Craif;Indeed;1;;;https://www.craif.org/;Other
Cy Cergy Paris Université;LinkedIn;1;;;https://www.cyu.fr/;Formation/Education
Credit Industriel Et Commercial;Indeed;1;Non;;https://www.cic.fr/fr/index.html;Other
Cristal Marbre;Indeed;1;;;https://www.cristalmarbre.com/;Other
Cromk Ile De France;Indeed;1;;;https://idf.ordremk.fr/;Other
Crowe Fidelio;Indeed;1;;;https://www.crowe.com/fr/crowe-fidelio;Other
Crédit Agricole;Indeed;1;Non;;https://www.credit-agricole.fr/;Other
Crédit Agricole Cib;LinkedIn;1;;;https://www.ca-cib.fr/;Other
Cta;Indeed;1;;;https://en.wikipedia.org/wiki/Call_to_action_(marketing);Other
Cth-3D;Indeed;1;;;https://www.cth-3d.fr/;Other
Boucheron;LinkedIn;1;;;https://www.boucheron.com/fr_fr/;Other
Kpmg;Indeed;1;Non;;https://kpmg.com/fr/fr/home.html;Other
Air France;LinkedIn;1;;;https://wwws.airfrance.fr/;Other
Air Liquide;Indeed;1;;;https://www.airliquide.com/fr;Other
Airap Sa;Indeed;1;Non;;http://www.airap.fr/;Other
Akelius;Indeed;1;;;https://akelius.com/;Other
Akto;Indeed;1;;;https://www.akto.fr/;Formation/Education
Alantys Technology;LinkedIn;1;;;https://www.alantys.com/;Other
Aldi;Indeed;1;;;https://www.aldi.fr/;Other
Alfi;Indeed;1;;;https://www.alfi-asso.org/;Other
Aljt;Indeed;1;Non;;https://www.aljt.com/;Other
Alpheys;Indeed;1;;;https://www.alpheys.com/;Other
Altelios Technology Group;LinkedIn;1;;;https://www.altelios.com/;Other
Altermundi;Indeed;1;Non;;https://altermundi.com/;Other
Altidom;Indeed;1;;;https://altidom.com/;Other
Alvergnas Automobiles;LinkedIn;1;;;https://www.alvergnas.com/;Other
Amaris Group;Indeed;1;;;https://groupamaris.com/;Other
American Hospital Of Paris;Indeed;1;Non;;https://www.american-hospital.org/;Other
Action;LinkedIn;1;;;https://www.action.com/;Other
3F;Indeed;1;Non;;https://www.groupe3f.fr/;Other
A.S.O;Indeed;1;;;https://www.aso.fr/en/;Other
Ab Transport;Indeed;1;;;http://www.abtransport.fr/;Other
Abeille Assurances;LinkedIn;1;;;https://www.abeille-assurances.fr/;Other
Aboca;Indeed;1;;;https://www.aboca.com/;Other
Acceotadeo;LinkedIn;1;;;https://www.acceo-tadeo.fr/;Other
Acting;LinkedIn;1;;;https://en.wikipedia.org/wiki/Acting;Formation/Education
Action Contre La Faim;Indeed;1;Non;;https://www.actioncontrelafaim.org/;Other
Aftral;Indeed;1;;;https://www.aftral.com/;Formation/Education
Action Logement;Indeed;1;;;https://www.actionlogement.fr/;Other
Adapei 91 - Résidence Soleil;Indeed;1;;;https://adapei91.fr/residence-soleil/;Other
Ademe;LinkedIn;1;;;https://www.ademe.fr/en/frontpage/;Other
Adonis Education;Indeed;1;;;https://adonis.education/;Formation/Education
Afimes;Indeed;1;;;https://www.afimes.com/;Other
Amazon;LinkedIn;1;;;https://www.amazon.com/;Other
Ametra Group;LinkedIn;1;;;https://www.ametragroup.com/fr/;Other
Bizon (Publicis Groupe);Indeed;1;;;https://france.publicisgroupe.com/publicis-groupe-acquiert-bizon-agence-dediee-a-laccompagnement-des-marques-sur-amazon/;Other
Banque Richelieu;LinkedIn;1;;;https://banquerichelieu.com/;Other
Auris - Groupe Agiloe;LinkedIn;1;;;https://www.agiloe.com/;Other
Auto1 Group;Indeed;1;;;https://www.auto1-group.com/;Other
Autobacs France;Indeed;1;;;https://www.autobacs.fr/;Other
Aventa Subsea And Offshore Specialists;Indeed;1;Non;;https://www.aventa.fr/;Other
Avocap 2.2;Indeed;1;;;https://www.avocap.eu/;Formation/Education
Axione;LinkedIn;1;;;https://www.axione.com/en/;Other
Babychou Services;Indeed;1;;;https://www.babychou.com/;Other
Banque De France;LinkedIn;1;;;https://www.banque-france.fr/;Other
Banque Delubac Et Cie;Indeed;1;;;https://www.delubac.com/fr/;Other
Atprint;Indeed;1;;;https://www.atprint.fr/;Other
Bei;Indeed;1;;;https://www.eib.org/en/index;Other
Berliner;Indeed;1;;;https://berliner-do.com/;Other
Bernard Controls;Indeed;1;;;https://www.bernardcontrols.com/fr;Other
Big Mamma;LinkedIn;1;;;https://bigmammagroup.com/;Other
Bio C' Bon;LinkedIn;1;;;https://www.bio-c-bon.eu/;Other
Bioserenity;LinkedIn;1;;;https://www.bioserenity.fr/;Other
Birkenstock;LinkedIn;1;;;https://www.birkenstock.com/fr;Other
Audiens;Indeed;1;Non;;https://www.audiens.org/accueil.html;Other
Angelina;Indeed;1;Non;;https://www.angelina-paris.fr/;Other
Ankorstore;Indeed;1;;;https://www.ankorstore.com/;Other
Apf Entreprises;Indeed;1;;;https://apf-entreprises.fr/;Other
Apleona;Indeed;1;Non;;https://apleona.ch/fr/;Other
Apleona Group;LinkedIn;1;;;https://www.apleona.com/en/about-apleona/company/;Other
App.Rendre;Indeed;1;;;https://www.app-rendre.fr/;Formation/Education
Aramis;Indeed;1;;;https://www.aramisauto.com/;Other
Arana Facilities;Indeed;1;;;https://www.arana.fr/;Other
Assoc Parents;Indeed;1;;;https://www.facebook.com/assoc.parents2014/;Other
Arcitek;Indeed;1;;;https://www.arcitek.fr/;Other
Arkose&Co;LinkedIn;1;;;https://www.arkoseandco.com/?lang=en;Other
Armonia Paris;LinkedIn;1;;;https://restaurant-armonia.fr/;Other
Arpavie;LinkedIn;1;;;https://www.arpavie.fr/;Other
Arvato Chanteloup Sas;LinkedIn;1;;;https://www.pagesjaunes.fr/pros/07065136;Other
Assisteal Formation;LinkedIn;1;;;https://www.assisteal.fr/;Formation/Education
Ecf Group;LinkedIn;1;;;https://ecfgroup.com/en;Other
Ecole Conte;LinkedIn;1;;;https://www.ecole-conte.com/;Formation/Education
Ecomaison;LinkedIn;1;;;https://ecomaison.com/;Other
Hitachi Solutions Europe;LinkedIn;1;;;https://www.hitachi-solutions.fr/;Other
Hmarket Supermarchés;LinkedIn;1;;;https://hmarket.fr/;Other
Hn Services;LinkedIn;1;;;https://www.hn-services.com/en/;Other
Horiba France Sas;Indeed;1;;;https://www.horiba.com/fra/company/group-companies/europe/france/horiba-france-sas/;Other
Hospitality On;Indeed;1;Non;;https://hospitality-on.com/fr;Other
Houdart Et Associes;Indeed;1;;;https://www.houdart.org/;Other
Hsbc;Indeed;1;Non;;https://www.hsbc.fr/;Other
Hyatt Regency Paris Etoile;Indeed;1;;;https://www.hyatt.com/hyatt-regency/parhr-hyatt-regency-paris-etoile;Other
Hexopée;Indeed;1;;;https://www.hexopee.org/;Formation/Education
Hôpital Américain De Paris;Indeed;1;;;https://www.american-hospital.org/;Other
Hôpital Fondation Adolphe De Rothschild;Indeed;1;;;https://www.fo-rothschild.fr/;Other
Hôpital National Des Quinze-Vingts;Indeed;1;;;https://www.15-20.fr/;Other
I.G.E Sa;Indeed;1;;;https://www.igesa.fr/accueil;Other
Icd;Indeed;1;;;https://www.icd-ecoles.com/;Formation/Education
Ice (Industrielle De Contrôle Et D'Equipement);Indeed;1;;;https://www.icegroupe.com/fr/societes/ice-sas;Other
Icon Plc;Indeed;1;Non;;https://www.iconplc.com/;Other
Idf - Keolis 2024;Indeed;1;;;https://www.keolis-idf.com/qui-sommes-nous/;Other
Idkids;LinkedIn;1;;;https://www.idkids.fr/;Other
Hermes International;Indeed;1;Non;;https://fr.wikipedia.org/wiki/Herm%C3%A8s_International;Other
Ifcv - Formations En Alternance;LinkedIn;1;;;https://www.ifcv.fr/;Formation/Education
Groupe Verlaine;Indeed;1;;;https://groupeverlaine.com/;Other
Groupe Poste Habitat;LinkedIn;1;Non;;https://www.postehabitat.com/;Other
Groupe Printemps;LinkedIn;1;;;https://www.groupe-printemps.com/;Other
Groupe Puce Et Plume;Indeed;1;Non;;https://www.puceplume.fr/;Other
Groupe Seb;Indeed;1;;;http://www.groupeseb.com/fr;Other
Groupe Triomphe Securite;LinkedIn;1;;;https://www.triomphe-securite.fr/;Other
Groupe Trouillet;LinkedIn;1;;;https://www.groupe-trouillet.com/;Other
Groupe Ugc;LinkedIn;1;;;https://www.ugc.fr/groupe-ugc.html;Other
Groupe Vivescia;LinkedIn;1;;;https://www.vivescia.com/;Other
Hello Collection;Indeed;1;;;https://www.facebook.com/hellocollection95/;Other
Groupon;LinkedIn;1;;;https://www.groupon.com/;Other
Grtgaz;Indeed;1;;;https://www.grtgaz.com/en;Other
Guard'Events;LinkedIn;1;;;https://www.guardevents.com/;Other
Habitat & Jardin;LinkedIn;1;;;http://www.habitatetjardin.com/;Other
Healthy Groupe (Jour & Naked);Indeed;1;;;https://jour.fr/;Other
Hec Paris;Indeed;1;;;https://www.hec.edu/fr;Formation/Education
Hellio;Indeed;1;;;https://www.hellio.com/en/;Other
Ifae Rh;Indeed;1;;;https://www.ifae.fr/formations/ressources-humaines/;Formation/Education
Ecome Formation;LinkedIn;1;;;https://www.ecomeformation.fr/;Formation/Education
Kering;LinkedIn;1;;;https://www.kering.com/en/;Other
Jump Technology;Indeed;1;;;https://jump-technology.com/en/;Other
Kel Foncier;Indeed;1;;;https://kelfoncier.com/;Other
Kellanova;LinkedIn;1;;;https://www.kellanova.com/us/en/home.html;Other
Kevin.Murphy France;LinkedIn;1;;;https://kevinmurphy.fr/;Other
Jeveuxaider.Gouv.Fr;LinkedIn;1;;;https://www.jeveuxaider.gouv.fr/;Other
Kiko Milano;LinkedIn;1;;;https://www.kikocosmetics.com/fr-fr/;Other
Kilian Paris;LinkedIn;1;;;https://www.bykilian.fr/;Other
Kion Group;LinkedIn;1;;;https://www.kiongroup.com/en/;Other
Klesia;Indeed;1;;;https://www.klesia.fr/;Other
Korrigan Sas;Indeed;1;;;https://www.korrigan.fr/;Other
Kpark;Indeed;1;;;https://www.kpark.fr/;Other
Jimmy Choo;LinkedIn;1;;;https://row.jimmychoo.com/en/home;Other
Jd Sports;Indeed;1;Non;;https://www.jdsports.fr/;Other
Imerys;LinkedIn;1;;;https://www.imerys.com/;Other
Institut National Du Cancer;Indeed;1;;;https://www.e-cancer.fr/;Other
Immobilière3F;LinkedIn;1;;;https://www.groupe3f.fr/;Other
Imp 360;Indeed;1;;;https://imp-360.com/;Other
Infinity Global, Inc.;Indeed;1;;;https://www.infinityrp.com/;Other
Inorix;Indeed;1;;;https://www.inorix.fr/;Other
Instant-B;LinkedIn;1;;;https://instant-b.fr/;Other
Institut F2I;LinkedIn;1;Non;;https://www.institut-f2i.fr/;Formation/Education
Investissement Locatif;Indeed;1;;;https://www.investissement-locatif.com/;Other
Invivo Retail;LinkedIn;1;;;https://www.invivo-group.com/en/activities/retail;Other
Inwood Hotels;LinkedIn;1;;;https://www.inwood-hotels.com/en/;Other
Ism Interpretariat;Indeed;1;;;https://ism-interpretariat.fr/;Other
Ism Interprétariat;LinkedIn;1;;;https://ism-interpretariat.fr/;Other
Jcdecaux;Indeed;1;;;https://www.jcdecaux.fr/;Other
Groupe M6;Indeed;1;;;https://www.groupem6.fr/;Other
Groupe Global;LinkedIn;1;;;https://www.groupe-global.fr/;Other
Eurofins;Indeed;1;;;https://www.eurofins.com/;Other
Eri;Indeed;1;Non;;https://www.eri.fr/;Other
Escp Business School;LinkedIn;1;;;https://escp.eu/;Formation/Education
Espacil;LinkedIn;1;;;https://www.espacil.com/;Other
Espi;Indeed;1;;;https://groupe-espi.fr/;Formation/Education
Essencemediacom France;LinkedIn;1;;;https://www.essencemediacom.com/fr/local/fr;Other
Estp;LinkedIn;1;;;https://www.estp.fr/en;Formation/Education
Ets Public De Sante Barthelemy Durand;LinkedIn;1;;;https://www.eps-etampes.fr/accueil/;Other
Eurofeu;LinkedIn;1;;;https://www.eurofeu.fr/;Other
Europ Net;LinkedIn;1;;;https://www.europ-net.com/;Other
Equans France;LinkedIn;1;;;https://www.equans.fr/;Other
Europcar Mobility Group;LinkedIn;1;;;https://europcar-mobility-group.com/;Other
Evertrade;LinkedIn;1;;;https://evertrade.biz/en/home-english-2/;Other
Exel Industries;LinkedIn;1;;;https://www.exel-industries.com/?lang=en;Other
Experimental Group;Indeed;1;;;https://www.experimentalgroup.com/;Other
Extia Ingenierie;Indeed;1;Non;;https://www.extia-ingenierie.com/;Other
Erco Lumières;Indeed;1;;;https://www.erco.com/fr/;Other
Eqiom Granulats Courbevoie;Indeed;1;;;https://www.eqiom.com/actus/eqiom-demenage-son-siege-social-courbevoie-030920;Other
Elsan Poissy;LinkedIn;1;;;https://www.elsan.care/fr/clinique-saint-louis;Other
Economie D'Energie;Indeed;1;;;https://www.economiedenergie.fr/;Other
Eden Park;LinkedIn;1;Non;;https://www.eden-park.com/;Other
Editions De Parfums Frédéric Malle;LinkedIn;1;;;https://www.fredericmalle.eu/fr-e-uf/;Other
Ela Technology;LinkedIn;1;;;https://elatechnology.fr/;Other
Eleni Group;LinkedIn;1;;;https://eleni-group.com/;Other
Elior Service Fm;Indeed;1;;;https://www.elior-services.fr/nos-services/facility-management;Other
Elior Services Fm;Indeed;1;;;https://www.elior-services.fr/nos-services/facility-management;Other
Elis;Indeed;1;Non;;https://fr.elis.com/fr;Other
Elysées Apprentissage;LinkedIn;1;;;https://www.elysees-apprentissage.fr/;Formation/Education
Epsilon Mélia;Indeed;1;;;https://www.epsilonmelia.com/;Formation/Education
Emil Frey France;LinkedIn;1;;;https://emilfreyfrance.fr/;Other
Engie;LinkedIn;1;Non;;https://particuliers.engie.fr/;Other
Ennov;Indeed;1;Non;;https://fr.ennov.com/;Other
Enssib;Indeed;1;;;http://www.enssib.fr/;Formation/Education
Envea;Indeed;1;;;https://www.envea.global/;Other
Ephemera;Indeed;1;;;https://en.ephemera-group.com/;Other
Epresspack;Indeed;1;;;https://epresspack.com/;Other
Famoco;LinkedIn;1;;;https://www.famoco.com/;Other
Farfetch;Indeed;1;;;https://www.farfetch.com/;Other
Fauchon L'Hôtel Paris;Indeed;1;;;https://fr.hotel-fauchon-paris.fr/;Other
Galea & Associés;Indeed;1;;;https://www.galea-associes.eu/;Other
Galileo Global Education France;Indeed;1;Non;;https://www.ggeedu.fr/;Formation/Education
Gea Assurances;Indeed;1;;;https://gea-assurances.com/;Other
Gie Groupe Cci Paris Idf;Indeed;1;;;https://www.pappers.fr/entreprise/gie-groupe-ccir-paris-ile-de-france-889299608;Formation/Education
Gilgen Door Systems;Indeed;1;;;https://www.gilgendoorsystems.com/en;Other
Ginger Sofreco;LinkedIn;1;;;https://www.groupeginger.com/en/filiales/ginger-sofreco-2/;Other
Gk Professional;Indeed;1;;;https://gkpro.fr/;Other
Fcba;Indeed;1;;;https://www.fcba.fr/en/accueil-english/;Other
Globe Groupe Shopper House;LinkedIn;1;;;https://www.globe-groupe.com/en/shopper-marketing-agency/;Other
Goyard;LinkedIn;1;;;https://www.goyard.com/;Other
Grands Moulins De Paris;Indeed;1;Non;;https://www.grandsmoulinsdeparis.com/;Other
Grant Thornton France;LinkedIn;1;Non;;https://www.grantthornton.fr/fr/;Other
Greenworking;LinkedIn;1;;;https://www.greenworking.fr/;Formation/Education
Grenelle Distribution;Indeed;1;;;https://grenelledistribution.fr/;Other
Groupe Adp;Indeed;1;Non;;https://www.parisaeroport.fr/homepage-groupe;Other
Groupe Bouygues;LinkedIn;1;;;https://www.bouygues.com/;Other
Fédération Nationale Des Travaux Publics;LinkedIn;1;;;https://www.fntp.fr/;Other
Fédération Nationale Des Centres De Santé;LinkedIn;1;;;https://www.fncs.org/;Other
Fichet Group;LinkedIn;1;;;https://www.fichetgroup.com/;Other
Fiducial;LinkedIn;1;Non;;https://www.fiducial.fr/;Other
Fives;LinkedIn;1;;;https://www.fivesgroup.com/;Other
Fnac Darty;LinkedIn;1;Non;;https://www.fnacdarty.com/;Other
Fondation Falret;Indeed;1;;;https://falret.org/;Other
Fondation L'Élan Retrouvé;Indeed;1;;;https://www.elan-retrouve.org/;Other
Fonds De Garantie Des Victimes;Indeed;1;;;https://www.fondsdegarantie.fr/;Other
Fortil;LinkedIn;1;;;https://fortil.group/;Other
France Boissons;Indeed;1;;;https://www.eazle.fr/;Other
France Defi;LinkedIn;1;;;https://www.francedefi.fr/;Other
France Médias Monde;Indeed;1;;;https://www.francemediasmonde.com/fr/;Other
France Terre D'Asile;Indeed;1;Non;;https://www.france-terre-asile.org/;Other
Fréquence Protestante;LinkedIn;1;;;https://frequenceprotestante.com/;Other
Fuga Family;Indeed;1;;;https://www.fugafamily.com/;Other
Funecap Groupe;LinkedIn;1;;;https://www.funecap.group/;Other
Fédération Apajh;LinkedIn;1;;;https://www.apajh.org/;Formation/Education
Inhni;Indeed;1;;;https://www.inhni.com/en;Formation/Education
